coste,acabado
7.93,convencional
7.39,convencional
7.78,convencional
6.83,convencional
6.3,convencional
6.66,convencional
6.48,convencional
5.72,convencional
8.03,convencional
7.94,convencional
7.56,convencional
7.39,convencional
6.8,convencional
7.64,convencional
6.31,convencional
7.72,convencional
6.42,convencional
6.98,convencional
6.06,convencional
8.2,convencional
7.96,convencional
6.1,convencional
7.73,convencional
8.85,convencional
6.8,convencional
7.41,convencional
6.64,convencional
8.26,convencional
6.18,convencional
7.03,convencional
6.87,convencional
8.02,convencional
6.11,convencional
7.35,convencional
6.12,convencional
6.71,convencional
5.38,convencional
8.27,nuevo
9.42,nuevo
7.85,nuevo
8.21,nuevo
7.46,nuevo
8.15,nuevo
8.23,nuevo
7.76,nuevo
8.12,nuevo
9.06,nuevo
6.68,nuevo
8.51,nuevo
6.82,nuevo
7.63,nuevo
9.28,nuevo
8.51,nuevo
6.89,nuevo
8.03,nuevo
7.45,nuevo
8.79,nuevo
8.29,nuevo
7.23,nuevo
8.04,nuevo
8.39,nuevo
8.19,nuevo
